CRIM, ZN, INDUS, CHAS, NOX, RM, AGE, DIS, RAD, TAX, PTRATIO, B, LSTAT, MEDV
0.24964999999999998, 18, 6.105, 0, 0.541, 6.827, 76.25, 4.09, 3, 300, 16.85, 396.9, 8.24, 24.00
0.24964999999999998, 18, 6.105, 0, 0.541, 6.827, 76.25, 4.09, 3, 300, 16.85, 396.9, 8.24, 23.60
0.24964999999999998, 18, 6.105, 0, 0.541, 6.827, 76.25, 4.09, 3, 300, 16.85, 396.9, 8.24, 28.70
0.24964999999999998, 18, 6.105, 0, 0.541, 6.827, 76.25, 4.09, 3, 300, 16.85, 396.9, 8.24, 22.60
0.24964999999999998, 18, 6.105, 0, 0.541, 6.827, 76.25, 4.09, 3, 300, 16.85, 396.9, 8.24, 22.00
0.24964999999999998, 18, 6.105, 0, 0.541, 6.827, 76.25, 4.09, 3, 300, 16.85, 396.9, 8.24, 23.60
0.24964999999999998, 18, 6.105, 0, 0.541, 6.827, 76.25, 4.09, 3, 300, 16.85, 396.9, 8.24, 22.60
0.24964999999999998, 18, 6.105, 0, 0.541, 6.827, 76.25, 4.09, 3, 300, 16.85, 396.9, 8.24, 24.60
0.24964999999999998, 18, 6.105, 0, 0.541, 6.827, 76.25, 4.09, 3, 300, 16.85, 396.9, 8.24, 29.90
0.24964999999999998, 18, 6.105, 0, 0.541, 6.827, 76.25, 4.09, 3, 300, 16.85, 396.9, 8.24, 22.80
0.24964999999999998, 18, 6.105, 0, 0.541, 6.827, 76.25, 4.09, 3, 300, 16.85, 396.9, 8.24, 20.30
0.24964999999999998, 18, 6.105, 0, 0.541, 6.827, 76.25, 4.09, 3, 300, 16.85, 396.9, 8.24, 21.60
0.24964999999999998, 18, 6.105, 0, 0.541, 6.827, 76.25, 4.09, 3, 300, 16.85, 396.9, 8.24, 23.80
0.24964999999999998, 18, 6.105, 0, 0.541, 6.827, 76.25, 4.09, 3, 300, 16.85, 396.9, 8.24, 16.20
0.24964999999999998, 18, 6.105, 0, 0.541, 6.827, 76.25, 4.09, 3, 300, 16.85, 396.9, 8.24, 23.10
0.51488, 0, 8.83, 0, 0.5065, 6.803, 86.65, 5.5274, 3.5, 274.5, 19.4, 396.9, 13.97, 21.60
0.51488, 0, 8.83, 0, 0.5065, 6.803, 86.65, 5.5274, 3.5, 274.5, 19.4, 396.9, 13.97, 34.70
0.51488, 0, 8.83, 0, 0.5065, 6.803, 86.65, 5.5274, 3.5, 274.5, 19.4, 396.9, 13.97, 18.40
0.51488, 0, 8.83, 0, 0.5065, 6.803, 86.65, 5.5274, 3.5, 274.5, 19.4, 396.9, 13.97, 21.00
0.51488, 0, 8.83, 0, 0.5065, 6.803, 86.65, 5.5274, 3.5, 274.5, 19.4, 396.9, 13.97, 16.60
0.51488, 0, 8.83, 0, 0.5065, 6.803, 86.65, 5.5274, 3.5, 274.5, 19.4, 396.9, 13.97, 19.40
0.51488, 0, 8.83, 0, 0.5065, 6.803, 86.65, 5.5274, 3.5, 274.5, 19.4, 396.9, 13.97, 23.90
0.51488, 0, 8.83, 0, 0.5065, 6.803, 86.65, 5.5274, 3.5, 274.5, 19.4, 396.9, 13.97, 26.60
0.51488, 0, 8.83, 0, 0.5065, 6.803, 86.65, 5.5274, 3.5, 274.5, 19.4, 396.9, 13.97, 24.40
0.51488, 0, 8.83, 0, 0.5065, 6.803, 86.65, 5.5274, 3.5, 274.5, 19.4, 396.9, 13.97, 22.50
0.51488, 0, 8.83, 0, 0.5065, 6.803, 86.65, 5.5274, 3.5, 274.5, 19.4, 396.9, 13.97, 19.40
0.51488, 0, 8.83, 0, 0.5065, 6.803, 86.65, 5.5274, 3.5, 274.5, 19.4, 396.9, 13.97, 17.80
0.51488, 0, 8.83, 0, 0.5065, 6.803, 86.65, 5.5274, 3.5, 274.5, 19.4, 396.9, 13.97, 19.80
0.51488, 0, 8.83, 0, 0.5065, 6.803, 86.65, 5.5274, 3.5, 274.5, 19.4, 396.9, 13.97, 21.00
0.51488, 0, 8.83, 0, 0.5065, 6.803, 86.65, 5.5274, 3.5, 274.5, 19.4, 396.9, 13.97, 18.50
0.191755, 0, 4.78, 0, 0.47550000000000003, 7.4145, 54.15, 6.0622, 4, 254.5, 19.15, 395.765, 7.8999999999999995, 33.40
0.191755, 0, 4.78, 0, 0.47550000000000003, 7.4145, 54.15, 6.0622, 4, 254.5, 19.15, 395.765, 7.8999999999999995, 36.20
0.191755, 0, 4.78, 0, 0.47550000000000003, 7.4145, 54.15, 6.0622, 4, 254.5, 19.15, 395.765, 7.8999999999999995, 28.70
0.191755, 0, 4.78, 0, 0.47550000000000003, 7.4145, 54.15, 6.0622, 4, 254.5, 19.15, 395.765, 7.8999999999999995, 21.20
0.191755, 0, 4.78, 0, 0.47550000000000003, 7.4145, 54.15, 6.0622, 4, 254.5, 19.15, 395.765, 7.8999999999999995, 22.50
0.191755, 0, 4.78, 0, 0.47550000000000003, 7.4145, 54.15, 6.0622, 4, 254.5, 19.15, 395.765, 7.8999999999999995, 22.20
0.191755, 0, 4.78, 0, 0.47550000000000003, 7.4145, 54.15, 6.0622, 4, 254.5, 19.15, 395.765, 7.8999999999999995, 43.80
0.191755, 0, 4.78, 0, 0.47550000000000003, 7.4145, 54.15, 6.0622, 4, 254.5, 19.15, 395.765, 7.8999999999999995, 33.20
0.191755, 0, 4.78, 0, 0.47550000000000003, 7.4145, 54.15, 6.0622, 4, 254.5, 19.15, 395.765, 7.8999999999999995, 37.20
0.191755, 0, 4.78, 0, 0.47550000000000003, 7.4145, 54.15, 6.0622, 4, 254.5, 19.15, 395.765, 7.8999999999999995, 50.00
0.191755, 0, 4.78, 0, 0.47550000000000003, 7.4145, 54.15, 6.0622, 4, 254.5, 19.15, 395.765, 7.8999999999999995, 23.80
0.191755, 0, 4.78, 0, 0.47550000000000003, 7.4145, 54.15, 6.0622, 4, 254.5, 19.15, 395.765, 7.8999999999999995, 23.10
0.191755, 0, 4.78, 0, 0.47550000000000003, 7.4145, 54.15, 6.0622, 4, 254.5, 19.15, 395.765, 7.8999999999999995, 20.40
0.191755, 0, 4.78, 0, 0.47550000000000003, 7.4145, 54.15, 6.0622, 4, 254.5, 19.15, 395.765, 7.8999999999999995, 25.00
0.191755, 0, 4.78, 0, 0.47550000000000003, 7.4145, 54.15, 6.0622, 4, 254.5, 19.15, 395.765, 7.8999999999999995, 22.20
0.351495, 21.25, 7.87, 0, 0.524, 6.4544999999999995, 83.3, 6.298, 6.5, 311, 17.45, 396.25, 21.18, 22.90
0.351495, 21.25, 7.87, 0, 0.524, 6.4544999999999995, 83.3, 6.298, 6.5, 311, 17.45, 396.25, 21.18, 27.10
0.351495, 21.25, 7.87, 0, 0.524, 6.4544999999999995, 83.3, 6.298, 6.5, 311, 17.45, 396.25, 21.18, 16.50
0.351495, 21.25, 7.87, 0, 0.524, 6.4544999999999995, 83.3, 6.298, 6.5, 311, 17.45, 396.25, 21.18, 18.90
0.351495, 21.25, 7.87, 0, 0.524, 6.4544999999999995, 83.3, 6.298, 6.5, 311, 17.45, 396.25, 21.18, 15.00
0.351495, 21.25, 7.87, 0, 0.524, 6.4544999999999995, 83.3, 6.298, 6.5, 311, 17.45, 396.25, 21.18, 18.90
0.351495, 21.25, 7.87, 0, 0.524, 6.4544999999999995, 83.3, 6.298, 6.5, 311, 17.45, 396.25, 21.18, 21.70
0.351495, 21.25, 7.87, 0, 0.524, 6.4544999999999995, 83.3, 6.298, 6.5, 311, 17.45, 396.25, 21.18, 20.50
0.351495, 21.25, 7.87, 0, 0.524, 6.4544999999999995, 83.3, 6.298, 6.5, 311, 17.45, 396.25, 21.18, 16.00
0.351495, 21.25, 7.87, 0, 0.524, 6.4544999999999995, 83.3, 6.298, 6.5, 311, 17.45, 396.25, 21.18, 30.10
0.351495, 21.25, 7.87, 0, 0.524, 6.4544999999999995, 83.3, 6.298, 6.5, 311, 17.45, 396.25, 21.18, 24.30
0.351495, 21.25, 7.87, 0, 0.524, 6.4544999999999995, 83.3, 6.298, 6.5, 311, 17.45, 396.25, 21.18, 24.00
0.351495, 21.25, 7.87, 0, 0.524, 6.4544999999999995, 83.3, 6.298, 6.5, 311, 17.45, 396.25, 21.18, 22.00
0.351495, 21.25, 7.87, 0, 0.524, 6.4544999999999995, 83.3, 6.298, 6.5, 311, 17.45, 396.25, 21.18, 20.10
0.351495, 21.25, 7.87, 0, 0.524, 6.4544999999999995, 83.3, 6.298, 6.5, 311, 17.45, 396.25, 21.18, 22.20
0.99224, 0, 8.14, 0, 0.538, 6.0455000000000005, 80.9, 4.7075, 4, 307, 21, 396.9, 15.43, 20.40
0.99224, 0, 8.14, 0, 0.538, 6.0455000000000005, 80.9, 4.7075, 4, 307, 21, 396.9, 15.43, 18.20
0.99224, 0, 8.14, 0, 0.538, 6.0455000000000005, 80.9, 4.7075, 4, 307, 21, 396.9, 15.43, 19.90
0.99224, 0, 8.14, 0, 0.538, 6.0455000000000005, 80.9, 4.7075, 4, 307, 21, 396.9, 15.43, 17.50
0.99224, 0, 8.14, 0, 0.538, 6.0455000000000005, 80.9, 4.7075, 4, 307, 21, 396.9, 15.43, 18.20
0.99224, 0, 8.14, 0, 0.538, 6.0455000000000005, 80.9, 4.7075, 4, 307, 21, 396.9, 15.43, 13.60
0.99224, 0, 8.14, 0, 0.538, 6.0455000000000005, 80.9, 4.7075, 4, 307, 21, 396.9, 15.43, 19.60
0.99224, 0, 8.14, 0, 0.538, 6.0455000000000005, 80.9, 4.7075, 4, 307, 21, 396.9, 15.43, 15.20
0.99224, 0, 8.14, 0, 0.538, 6.0455000000000005, 80.9, 4.7075, 4, 307, 21, 396.9, 15.43, 14.50
0.99224, 0, 8.14, 0, 0.538, 6.0455000000000005, 80.9, 4.7075, 4, 307, 21, 396.9, 15.43, 15.60
0.99224, 0, 8.14, 0, 0.538, 6.0455000000000005, 80.9, 4.7075, 4, 307, 21, 396.9, 15.43, 16.60
0.99224, 0, 8.14, 0, 0.538, 6.0455000000000005, 80.9, 4.7075, 4, 307, 21, 396.9, 15.43, 14.80
0.99224, 0, 8.14, 0, 0.538, 6.0455000000000005, 80.9, 4.7075, 4, 307, 21, 396.9, 15.43, 12.70
0.99224, 0, 8.14, 0, 0.538, 6.0455000000000005, 80.9, 4.7075, 4, 307, 21, 396.9, 15.43, 14.50
0.99224, 0, 8.14, 0, 0.538, 6.0455000000000005, 80.9, 4.7075, 4, 307, 21, 396.9, 15.43, 13.10
1.05393, 0, 8.350000000000001, 0, 0.538, 6.358, 54.6, 5.4785, 4.5, 345.5, 21, 391.875, 9.79, 23.10
1.05393, 0, 8.350000000000001, 0, 0.538, 6.358, 54.6, 5.4785, 4.5, 345.5, 21, 391.875, 9.79, 20.20
1.05393, 0, 8.350000000000001, 0, 0.538, 6.358, 54.6, 5.4785, 4.5, 345.5, 21, 391.875, 9.79, 21.00
1.05393, 0, 8.350000000000001, 0, 0.538, 6.358, 54.6, 5.4785, 4.5, 345.5, 21, 391.875, 9.79, 24.70
1.05393, 0, 8.350000000000001, 0, 0.538, 6.358, 54.6, 5.4785, 4.5, 345.5, 21, 391.875, 9.79, 27.50
1.05393, 0, 8.350000000000001, 0, 0.538, 6.358, 54.6, 5.4785, 4.5, 345.5, 21, 391.875, 9.79, 26.50
1.05393, 0, 8.350000000000001, 0, 0.538, 6.358, 54.6, 5.4785, 4.5, 345.5, 21, 391.875, 9.79, 21.70
1.05393, 0, 8.350000000000001, 0, 0.538, 6.358, 54.6, 5.4785, 4.5, 345.5, 21, 391.875, 9.79, 24.60
1.05393, 0, 8.350000000000001, 0, 0.538, 6.358, 54.6, 5.4785, 4.5, 345.5, 21, 391.875, 9.79, 23.00
1.05393, 0, 8.350000000000001, 0, 0.538, 6.358, 54.6, 5.4785, 4.5, 345.5, 21, 391.875, 9.79, 22.20
1.05393, 0, 8.350000000000001, 0, 0.538, 6.358, 54.6, 5.4785, 4.5, 345.5, 21, 391.875, 9.79, 20.70
1.05393, 0, 8.350000000000001, 0, 0.538, 6.358, 54.6, 5.4785, 4.5, 345.5, 21, 391.875, 9.79, 21.10
1.05393, 0, 8.350000000000001, 0, 0.538, 6.358, 54.6, 5.4785, 4.5, 345.5, 21, 391.875, 9.79, 19.50
1.05393, 0, 8.350000000000001, 0, 0.538, 6.358, 54.6, 5.4785, 4.5, 345.5, 21, 391.875, 9.79, 20.60
1.05393, 0, 8.350000000000001, 0, 0.538, 6.358, 54.6, 5.4785, 4.5, 345.5, 21, 391.875, 9.79, 19.00
1.22668, 0, 9.075, 0, 0.5615, 6.0365, 91.4, 4.4546, 5, 369.5, 21, 350.15999999999997, 22.11, 13.90
1.22668, 0, 9.075, 0, 0.5615, 6.0365, 91.4, 4.4546, 5, 369.5, 21, 350.15999999999997, 22.11, 13.20
1.22668, 0, 9.075, 0, 0.5615, 6.0365, 91.4, 4.4546, 5, 369.5, 21, 350.15999999999997, 22.11, 13.50
1.22668, 0, 9.075, 0, 0.5615, 6.0365, 91.4, 4.4546, 5, 369.5, 21, 350.15999999999997, 22.11, 19.30
1.22668, 0, 9.075, 0, 0.5615, 6.0365, 91.4, 4.4546, 5, 369.5, 21, 350.15999999999997, 22.11, 20.10
1.22668, 0, 9.075, 0, 0.5615, 6.0365, 91.4, 4.4546, 5, 369.5, 21, 350.15999999999997, 22.11, 19.50
1.22668, 0, 9.075, 0, 0.5615, 6.0365, 91.4, 4.4546, 5, 369.5, 21, 350.15999999999997, 22.11, 19.50
1.22668, 0, 9.075, 0, 0.5615, 6.0365, 91.4, 4.4546, 5, 369.5, 21, 350.15999999999997, 22.11, 20.40
1.22668, 0, 9.075, 0, 0.5615, 6.0365, 91.4, 4.4546, 5, 369.5, 21, 350.15999999999997, 22.11, 19.80
1.22668, 0, 9.075, 0, 0.5615, 6.0365, 91.4, 4.4546, 5, 369.5, 21, 350.15999999999997, 22.11, 19.40
1.22668, 0, 9.075, 0, 0.5615, 6.0365, 91.4, 4.4546, 5, 369.5, 21, 350.15999999999997, 22.11, 18.70
1.22668, 0, 9.075, 0, 0.5615, 6.0365, 91.4, 4.4546, 5, 369.5, 21, 350.15999999999997, 22.11, 19.70
1.22668, 0, 9.075, 0, 0.5615, 6.0365, 91.4, 4.4546, 5, 369.5, 21, 350.15999999999997, 22.11, 18.30
1.22668, 0, 9.075, 0, 0.5615, 6.0365, 91.4, 4.4546, 5, 369.5, 21, 350.15999999999997, 22.11, 17.50
1.22668, 0, 9.075, 0, 0.5615, 6.0365, 91.4, 4.4546, 5, 369.5, 21, 350.15999999999997, 22.11, 16.80
0.17187, 0, 9.395, 0, 0.542, 6.324, 76.2, 4.48765, 5.5, 355.5, 19.7, 396.9, 11.645, 18.90
0.17187, 0, 9.395, 0, 0.542, 6.324, 76.2, 4.48765, 5.5, 355.5, 19.7, 396.9, 11.645, 20.00
0.17187, 0, 9.395, 0, 0.542, 6.324, 76.2, 4.48765, 5.5, 355.5, 19.7, 396.9, 11.645, 20.00
0.17187, 0, 9.395, 0, 0.542, 6.324, 76.2, 4.48765, 5.5, 355.5, 19.7, 396.9, 11.645, 21.40
0.17187, 0, 9.395, 0, 0.542, 6.324, 76.2, 4.48765, 5.5, 355.5, 19.7, 396.9, 11.645, 22.80
0.17187, 0, 9.395, 0, 0.542, 6.324, 76.2, 4.48765, 5.5, 355.5, 19.7, 396.9, 11.645, 18.50
0.17187, 0, 9.395, 0, 0.542, 6.324, 76.2, 4.48765, 5.5, 355.5, 19.7, 396.9, 11.645, 21.20
0.17187, 0, 9.395, 0, 0.542, 6.324, 76.2, 4.48765, 5.5, 355.5, 19.7, 396.9, 11.645, 19.20
0.17187, 0, 9.395, 0, 0.542, 6.324, 76.2, 4.48765, 5.5, 355.5, 19.7, 396.9, 11.645, 19.30
0.17187, 0, 9.395, 0, 0.542, 6.324, 76.2, 4.48765, 5.5, 355.5, 19.7, 396.9, 11.645, 25.00
0.17187, 0, 9.395, 0, 0.542, 6.324, 76.2, 4.48765, 5.5, 355.5, 19.7, 396.9, 11.645, 18.50
0.17187, 0, 9.395, 0, 0.542, 6.324, 76.2, 4.48765, 5.5, 355.5, 19.7, 396.9, 11.645, 18.70
0.17187, 0, 9.395, 0, 0.542, 6.324, 76.2, 4.48765, 5.5, 355.5, 19.7, 396.9, 11.645, 21.80
0.17187, 0, 9.395, 0, 0.542, 6.324, 76.2, 4.48765, 5.5, 355.5, 19.7, 396.9, 11.645, 24.50
0.17187, 0, 9.395, 0, 0.542, 6.324, 76.2, 4.48765, 5.5, 355.5, 19.7, 396.9, 11.645, 21.20
0.053565, 85, 3.95, 0, 0.45599999999999996, 7.0245, 28.85, 8.0557, 4, 331.5, 18.75, 396.265, 5.34, 30.80
0.053565, 85, 3.95, 0, 0.45599999999999996, 7.0245, 28.85, 8.0557, 4, 331.5, 18.75, 396.265, 5.34, 34.90
0.053565, 85, 3.95, 0, 0.45599999999999996, 7.0245, 28.85, 8.0557, 4, 331.5, 18.75, 396.265, 5.34, 35.40
0.053565, 85, 3.95, 0, 0.45599999999999996, 7.0245, 28.85, 8.0557, 4, 331.5, 18.75, 396.265, 5.34, 24.70
0.053565, 85, 3.95, 0, 0.45599999999999996, 7.0245, 28.85, 8.0557, 4, 331.5, 18.75, 396.265, 5.34, 23.50
0.053565, 85, 3.95, 0, 0.45599999999999996, 7.0245, 28.85, 8.0557, 4, 331.5, 18.75, 396.265, 5.34, 34.90
0.053565, 85, 3.95, 0, 0.45599999999999996, 7.0245, 28.85, 8.0557, 4, 331.5, 18.75, 396.265, 5.34, 32.90
0.053565, 85, 3.95, 0, 0.45599999999999996, 7.0245, 28.85, 8.0557, 4, 331.5, 18.75, 396.265, 5.34, 44.00
0.053565, 85, 3.95, 0, 0.45599999999999996, 7.0245, 28.85, 8.0557, 4, 331.5, 18.75, 396.265, 5.34, 28.50
0.053565, 85, 3.95, 0, 0.45599999999999996, 7.0245, 28.85, 8.0557, 4, 331.5, 18.75, 396.265, 5.34, 37.30
0.053565, 85, 3.95, 0, 0.45599999999999996, 7.0245, 28.85, 8.0557, 4, 331.5, 18.75, 396.265, 5.34, 27.90
0.053565, 85, 3.95, 0, 0.45599999999999996, 7.0245, 28.85, 8.0557, 4, 331.5, 18.75, 396.265, 5.34, 31.20
0.053565, 85, 3.95, 0, 0.45599999999999996, 7.0245, 28.85, 8.0557, 4, 331.5, 18.75, 396.265, 5.34, 23.10
0.053565, 85, 3.95, 0, 0.45599999999999996, 7.0245, 28.85, 8.0557, 4, 331.5, 18.75, 396.265, 5.34, 24.50
0.053565, 85, 3.95, 0, 0.45599999999999996, 7.0245, 28.85, 8.0557, 4, 331.5, 18.75, 396.265, 5.34, 24.10
0.161415, 12.5, 8.86, 0, 0.4685, 6.77, 18.349999999999998, 6.2678, 3.5, 269, 18.549999999999997, 391.155, 9.495000000000001, 26.60
0.161415, 12.5, 8.86, 0, 0.4685, 6.77, 18.349999999999998, 6.2678, 3.5, 269, 18.549999999999997, 391.155, 9.495000000000001, 25.30
0.161415, 12.5, 8.86, 0, 0.4685, 6.77, 18.349999999999998, 6.2678, 3.5, 269, 18.549999999999997, 391.155, 9.495000000000001, 24.70
0.161415, 12.5, 8.86, 0, 0.4685, 6.77, 18.349999999999998, 6.2678, 3.5, 269, 18.549999999999997, 391.155, 9.495000000000001, 19.30
0.161415, 12.5, 8.86, 0, 0.4685, 6.77, 18.349999999999998, 6.2678, 3.5, 269, 18.549999999999997, 391.155, 9.495000000000001, 20.00
0.161415, 12.5, 8.86, 0, 0.4685, 6.77, 18.349999999999998, 6.2678, 3.5, 269, 18.549999999999997, 391.155, 9.495000000000001, 25.00
0.161415, 12.5, 8.86, 0, 0.4685, 6.77, 18.349999999999998, 6.2678, 3.5, 269, 18.549999999999997, 391.155, 9.495000000000001, 23.40
0.161415, 12.5, 8.86, 0, 0.4685, 6.77, 18.349999999999998, 6.2678, 3.5, 269, 18.549999999999997, 391.155, 9.495000000000001, 24.20
0.161415, 12.5, 8.86, 0, 0.4685, 6.77, 18.349999999999998, 6.2678, 3.5, 269, 18.549999999999997, 391.155, 9.495000000000001, 21.70
0.161415, 12.5, 8.86, 0, 0.4685, 6.77, 18.349999999999998, 6.2678, 3.5, 269, 18.549999999999997, 391.155, 9.495000000000001, 22.80
0.161415, 12.5, 8.86, 0, 0.4685, 6.77, 18.349999999999998, 6.2678, 3.5, 269, 18.549999999999997, 391.155, 9.495000000000001, 23.40
0.161415, 12.5, 8.86, 0, 0.4685, 6.77, 18.349999999999998, 6.2678, 3.5, 269, 18.549999999999997, 391.155, 9.495000000000001, 28.00
0.161415, 12.5, 8.86, 0, 0.4685, 6.77, 18.349999999999998, 6.2678, 3.5, 269, 18.549999999999997, 391.155, 9.495000000000001, 24.80
0.161415, 12.5, 8.86, 0, 0.4685, 6.77, 18.349999999999998, 6.2678, 3.5, 269, 18.549999999999997, 391.155, 9.495000000000001, 28.10
0.161415, 12.5, 8.86, 0, 0.4685, 6.77, 18.349999999999998, 6.2678, 3.5, 269, 18.549999999999997, 391.155, 9.495000000000001, 25.20
0.25387, 14, 10.975, 0, 0.49750000000000005, 6.009, 95.3, 6.96275, 5.5, 332.5, 18.799999999999997, 396.9, 30.81, 14.40
0.25387, 14, 10.975, 0, 0.49750000000000005, 6.009, 95.3, 6.96275, 5.5, 332.5, 18.799999999999997, 396.9, 30.81, 18.70
0.25387, 14, 10.975, 0, 0.49750000000000005, 6.009, 95.3, 6.96275, 5.5, 332.5, 18.799999999999997, 396.9, 30.81, 22.20
0.25387, 14, 10.975, 0, 0.49750000000000005, 6.009, 95.3, 6.96275, 5.5, 332.5, 18.799999999999997, 396.9, 30.81, 21.20
0.25387, 14, 10.975, 0, 0.49750000000000005, 6.009, 95.3, 6.96275, 5.5, 332.5, 18.799999999999997, 396.9, 30.81, 23.90
0.25387, 14, 10.975, 0, 0.49750000000000005, 6.009, 95.3, 6.96275, 5.5, 332.5, 18.799999999999997, 396.9, 30.81, 20.60
0.25387, 14, 10.975, 0, 0.49750000000000005, 6.009, 95.3, 6.96275, 5.5, 332.5, 18.799999999999997, 396.9, 30.81, 18.80
0.25387, 14, 10.975, 0, 0.49750000000000005, 6.009, 95.3, 6.96275, 5.5, 332.5, 18.799999999999997, 396.9, 30.81, 18.30
0.25387, 14, 10.975, 0, 0.49750000000000005, 6.009, 95.3, 6.96275, 5.5, 332.5, 18.799999999999997, 396.9, 30.81, 20.40
0.25387, 14, 10.975, 0, 0.49750000000000005, 6.009, 95.3, 6.96275, 5.5, 332.5, 18.799999999999997, 396.9, 30.81, 23.10
0.25387, 14, 10.975, 0, 0.49750000000000005, 6.009, 95.3, 6.96275, 5.5, 332.5, 18.799999999999997, 396.9, 30.81, 26.40
0.25387, 14, 10.975, 0, 0.49750000000000005, 6.009, 95.3, 6.96275, 5.5, 332.5, 18.799999999999997, 396.9, 30.81, 17.60
0.25387, 14, 10.975, 0, 0.49750000000000005, 6.009, 95.3, 6.96275, 5.5, 332.5, 18.799999999999997, 396.9, 30.81, 18.50
0.25387, 14, 10.975, 0, 0.49750000000000005, 6.009, 95.3, 6.96275, 5.5, 332.5, 18.799999999999997, 396.9, 30.81, 20.50
0.25387, 14, 10.975, 0, 0.49750000000000005, 6.009, 95.3, 6.96275, 5.5, 332.5, 18.799999999999997, 396.9, 30.81, 20.30
0.21428000000000003, 36.75, 6.3, 0, 0.4515, 6.3625, 47.400000000000006, 7.4351, 6, 297.5, 18.25, 396.23, 13.45, 19.70
0.21428000000000003, 36.75, 6.3, 0, 0.4515, 6.3625, 47.400000000000006, 7.4351, 6, 297.5, 18.25, 396.23, 13.45, 23.30
0.21428000000000003, 36.75, 6.3, 0, 0.4515, 6.3625, 47.400000000000006, 7.4351, 6, 297.5, 18.25, 396.23, 13.45, 19.60
0.21428000000000003, 36.75, 6.3, 0, 0.4515, 6.3625, 47.400000000000006, 7.4351, 6, 297.5, 18.25, 396.23, 13.45, 25.00
0.21428000000000003, 36.75, 6.3, 0, 0.4515, 6.3625, 47.400000000000006, 7.4351, 6, 297.5, 18.25, 396.23, 13.45, 17.40
0.21428000000000003, 36.75, 6.3, 0, 0.4515, 6.3625, 47.400000000000006, 7.4351, 6, 297.5, 18.25, 396.23, 13.45, 22.90
0.21428000000000003, 36.75, 6.3, 0, 0.4515, 6.3625, 47.400000000000006, 7.4351, 6, 297.5, 18.25, 396.23, 13.45, 23.30
0.21428000000000003, 36.75, 6.3, 0, 0.4515, 6.3625, 47.400000000000006, 7.4351, 6, 297.5, 18.25, 396.23, 13.45, 24.30
0.21428000000000003, 36.75, 6.3, 0, 0.4515, 6.3625, 47.400000000000006, 7.4351, 6, 297.5, 18.25, 396.23, 13.45, 24.50
0.21428000000000003, 36.75, 6.3, 0, 0.4515, 6.3625, 47.400000000000006, 7.4351, 6, 297.5, 18.25, 396.23, 13.45, 21.10
0.21428000000000003, 36.75, 6.3, 0, 0.4515, 6.3625, 47.400000000000006, 7.4351, 6, 297.5, 18.25, 396.23, 13.45, 23.20
0.21428000000000003, 36.75, 6.3, 0, 0.4515, 6.3625, 47.400000000000006, 7.4351, 6, 297.5, 18.25, 396.23, 13.45, 22.30
0.21428000000000003, 36.75, 6.3, 0, 0.4515, 6.3625, 47.400000000000006, 7.4351, 6, 297.5, 18.25, 396.23, 13.45, 22.00
0.21428000000000003, 36.75, 6.3, 0, 0.4515, 6.3625, 47.400000000000006, 7.4351, 6, 297.5, 18.25, 396.23, 13.45, 17.10
0.21428000000000003, 36.75, 6.3, 0, 0.4515, 6.3625, 47.400000000000006, 7.4351, 6, 297.5, 18.25, 396.23, 13.45, 17.50
0.07088, 78.75, 5.035, 0, 0.44699999999999995, 6.4135, 52, 9.015, 4, 469, 21.55, 396.9, 14.8, 18.90
0.07088, 78.75, 5.035, 0, 0.44699999999999995, 6.4135, 52, 9.015, 4, 469, 21.55, 396.9, 14.8, 19.40
0.07088, 78.75, 5.035, 0, 0.44699999999999995, 6.4135, 52, 9.015, 4, 469, 21.55, 396.9, 14.8, 20.90
0.07088, 78.75, 5.035, 0, 0.44699999999999995, 6.4135, 52, 9.015, 4, 469, 21.55, 396.9, 14.8, 24.10
0.07088, 78.75, 5.035, 0, 0.44699999999999995, 6.4135, 52, 9.015, 4, 469, 21.55, 396.9, 14.8, 21.90
0.07088, 78.75, 5.035, 0, 0.44699999999999995, 6.4135, 52, 9.015, 4, 469, 21.55, 396.9, 14.8, 20.90
0.07088, 78.75, 5.035, 0, 0.44699999999999995, 6.4135, 52, 9.015, 4, 469, 21.55, 396.9, 14.8, 20.10
0.07088, 78.75, 5.035, 0, 0.44699999999999995, 6.4135, 52, 9.015, 4, 469, 21.55, 396.9, 14.8, 24.80
0.07088, 78.75, 5.035, 0, 0.44699999999999995, 6.4135, 52, 9.015, 4, 469, 21.55, 396.9, 14.8, 23.90
0.07088, 78.75, 5.035, 0, 0.44699999999999995, 6.4135, 52, 9.015, 4, 469, 21.55, 396.9, 14.8, 17.20
0.07088, 78.75, 5.035, 0, 0.44699999999999995, 6.4135, 52, 9.015, 4, 469, 21.55, 396.9, 14.8, 26.60
0.07088, 78.75, 5.035, 0, 0.44699999999999995, 6.4135, 52, 9.015, 4, 469, 21.55, 396.9, 14.8, 22.90
0.07088, 78.75, 5.035, 0, 0.44699999999999995, 6.4135, 52, 9.015, 4, 469, 21.55, 396.9, 14.8, 18.60
0.07088, 78.75, 5.035, 0, 0.44699999999999995, 6.4135, 52, 9.015, 4, 469, 21.55, 396.9, 14.8, 18.20
0.07088, 78.75, 5.035, 0, 0.44699999999999995, 6.4135, 52, 9.015, 4, 469, 21.55, 396.9, 14.8, 20.60
0.05048, 100, 2.38, 0, 0.424, 7.425000000000001, 40.5, 10.22565, 5, 327, 16.05, 394.9, 6.279999999999999, 31.60
0.05048, 100, 2.38, 0, 0.424, 7.425000000000001, 40.5, 10.22565, 5, 327, 16.05, 394.9, 6.279999999999999, 30.50
0.05048, 100, 2.38, 0, 0.424, 7.425000000000001, 40.5, 10.22565, 5, 327, 16.05, 394.9, 6.279999999999999, 36.40
0.05048, 100, 2.38, 0, 0.424, 7.425000000000001, 40.5, 10.22565, 5, 327, 16.05, 394.9, 6.279999999999999, 50.00
0.05048, 100, 2.38, 0, 0.424, 7.425000000000001, 40.5, 10.22565, 5, 327, 16.05, 394.9, 6.279999999999999, 33.30
0.05048, 100, 2.38, 0, 0.424, 7.425000000000001, 40.5, 10.22565, 5, 327, 16.05, 394.9, 6.279999999999999, 30.30
0.05048, 100, 2.38, 0, 0.424, 7.425000000000001, 40.5, 10.22565, 5, 327, 16.05, 394.9, 6.279999999999999, 34.60
0.05048, 100, 2.38, 0, 0.424, 7.425000000000001, 40.5, 10.22565, 5, 327, 16.05, 394.9, 6.279999999999999, 42.30
0.05048, 100, 2.38, 0, 0.424, 7.425000000000001, 40.5, 10.22565, 5, 327, 16.05, 394.9, 6.279999999999999, 48.50
0.05048, 100, 2.38, 0, 0.424, 7.425000000000001, 40.5, 10.22565, 5, 327, 16.05, 394.9, 6.279999999999999, 50.00
0.05048, 100, 2.38, 0, 0.424, 7.425000000000001, 40.5, 10.22565, 5, 327, 16.05, 394.9, 6.279999999999999, 32.20
0.05048, 100, 2.38, 0, 0.424, 7.425000000000001, 40.5, 10.22565, 5, 327, 16.05, 394.9, 6.279999999999999, 22.00
0.05048, 100, 2.38, 0, 0.424, 7.425000000000001, 40.5, 10.22565, 5, 327, 16.05, 394.9, 6.279999999999999, 22.50
0.05048, 100, 2.38, 0, 0.424, 7.425000000000001, 40.5, 10.22565, 5, 327, 16.05, 394.9, 6.279999999999999, 29.00
0.05048, 100, 2.38, 0, 0.424, 7.425000000000001, 40.5, 10.22565, 5, 327, 16.05, 394.9, 6.279999999999999, 30.10
0.19422499999999998, 28.75, 4.17, 0, 0.44405, 7.6815, 67.75, 9.2229, 5, 280.5, 18.85, 395.07, 8.49, 33.00
0.19422499999999998, 28.75, 4.17, 0, 0.44405, 7.6815, 67.75, 9.2229, 5, 280.5, 18.85, 395.07, 8.49, 22.00
0.19422499999999998, 28.75, 4.17, 0, 0.44405, 7.6815, 67.75, 9.2229, 5, 280.5, 18.85, 395.07, 8.49, 38.70
0.19422499999999998, 28.75, 4.17, 0, 0.44405, 7.6815, 67.75, 9.2229, 5, 280.5, 18.85, 395.07, 8.49, 26.20
0.19422499999999998, 28.75, 4.17, 0, 0.44405, 7.6815, 67.75, 9.2229, 5, 280.5, 18.85, 395.07, 8.49, 24.40
0.19422499999999998, 28.75, 4.17, 0, 0.44405, 7.6815, 67.75, 9.2229, 5, 280.5, 18.85, 395.07, 8.49, 29.60
0.19422499999999998, 28.75, 4.17, 0, 0.44405, 7.6815, 67.75, 9.2229, 5, 280.5, 18.85, 395.07, 8.49, 42.80
0.19422499999999998, 28.75, 4.17, 0, 0.44405, 7.6815, 67.75, 9.2229, 5, 280.5, 18.85, 395.07, 8.49, 24.40
0.19422499999999998, 28.75, 4.17, 0, 0.44405, 7.6815, 67.75, 9.2229, 5, 280.5, 18.85, 395.07, 8.49, 32.00
0.19422499999999998, 28.75, 4.17, 0, 0.44405, 7.6815, 67.75, 9.2229, 5, 280.5, 18.85, 395.07, 8.49, 45.40
0.19422499999999998, 28.75, 4.17, 0, 0.44405, 7.6815, 67.75, 9.2229, 5, 280.5, 18.85, 395.07, 8.49, 36.10
0.19422499999999998, 28.75, 4.17, 0, 0.44405, 7.6815, 67.75, 9.2229, 5, 280.5, 18.85, 395.07, 8.49, 28.40
0.19422499999999998, 28.75, 4.17, 0, 0.44405, 7.6815, 67.75, 9.2229, 5, 280.5, 18.85, 395.07, 8.49, 33.40
0.19422499999999998, 28.75, 4.17, 0, 0.44405, 7.6815, 67.75, 9.2229, 5, 280.5, 18.85, 395.07, 8.49, 28.20
0.19422499999999998, 28.75, 4.17, 0, 0.44405, 7.6815, 67.75, 9.2229, 5, 280.5, 18.85, 395.07, 8.49, 32.70
0.434685, 14, 13.934999999999999, 0, 0.49050000000000005, 6.4755, 29.8, 5.10595, 5, 414, 18.7, 395.90999999999997, 8.825, 24.10
0.434685, 14, 13.934999999999999, 0, 0.49050000000000005, 6.4755, 29.8, 5.10595, 5, 414, 18.7, 395.90999999999997, 8.825, 21.40
0.434685, 14, 13.934999999999999, 0, 0.49050000000000005, 6.4755, 29.8, 5.10595, 5, 414, 18.7, 395.90999999999997, 8.825, 20.80
0.434685, 14, 13.934999999999999, 0, 0.49050000000000005, 6.4755, 29.8, 5.10595, 5, 414, 18.7, 395.90999999999997, 8.825, 20.30
0.434685, 14, 13.934999999999999, 0, 0.49050000000000005, 6.4755, 29.8, 5.10595, 5, 414, 18.7, 395.90999999999997, 8.825, 22.90
0.434685, 14, 13.934999999999999, 0, 0.49050000000000005, 6.4755, 29.8, 5.10595, 5, 414, 18.7, 395.90999999999997, 8.825, 25.00
0.434685, 14, 13.934999999999999, 0, 0.49050000000000005, 6.4755, 29.8, 5.10595, 5, 414, 18.7, 395.90999999999997, 8.825, 22.60
0.434685, 14, 13.934999999999999, 0, 0.49050000000000005, 6.4755, 29.8, 5.10595, 5, 414, 18.7, 395.90999999999997, 8.825, 23.90
0.434685, 14, 13.934999999999999, 0, 0.49050000000000005, 6.4755, 29.8, 5.10595, 5, 414, 18.7, 395.90999999999997, 8.825, 21.70
0.434685, 14, 13.934999999999999, 0, 0.49050000000000005, 6.4755, 29.8, 5.10595, 5, 414, 18.7, 395.90999999999997, 8.825, 28.60
0.434685, 14, 13.934999999999999, 0, 0.49050000000000005, 6.4755, 29.8, 5.10595, 5, 414, 18.7, 395.90999999999997, 8.825, 27.10
0.434685, 14, 13.934999999999999, 0, 0.49050000000000005, 6.4755, 29.8, 5.10595, 5, 414, 18.7, 395.90999999999997, 8.825, 22.10
0.434685, 14, 13.934999999999999, 0, 0.49050000000000005, 6.4755, 29.8, 5.10595, 5, 414, 18.7, 395.90999999999997, 8.825, 19.30
0.434685, 14, 13.934999999999999, 0, 0.49050000000000005, 6.4755, 29.8, 5.10595, 5, 414, 18.7, 395.90999999999997, 8.825, 22.60
0.434685, 14, 13.934999999999999, 0, 0.49050000000000005, 6.4755, 29.8, 5.10595, 5, 414, 18.7, 395.90999999999997, 8.825, 19.80
0.348665, 0, 4.545, 0, 0.47750000000000004, 7.675, 76.69999999999999, 3.8216, 5, 291.5, 18, 377.44, 9.9, 28.40
0.348665, 0, 4.545, 0, 0.47750000000000004, 7.675, 76.69999999999999, 3.8216, 5, 291.5, 18, 377.44, 9.9, 23.20
0.348665, 0, 4.545, 0, 0.47750000000000004, 7.675, 76.69999999999999, 3.8216, 5, 291.5, 18, 377.44, 9.9, 39.80
0.348665, 0, 4.545, 0, 0.47750000000000004, 7.675, 76.69999999999999, 3.8216, 5, 291.5, 18, 377.44, 9.9, 36.20
0.348665, 0, 4.545, 0, 0.47750000000000004, 7.675, 76.69999999999999, 3.8216, 5, 291.5, 18, 377.44, 9.9, 37.90
0.348665, 0, 4.545, 0, 0.47750000000000004, 7.675, 76.69999999999999, 3.8216, 5, 291.5, 18, 377.44, 9.9, 32.50
0.348665, 0, 4.545, 0, 0.47750000000000004, 7.675, 76.69999999999999, 3.8216, 5, 291.5, 18, 377.44, 9.9, 29.60
0.348665, 0, 4.545, 0, 0.47750000000000004, 7.675, 76.69999999999999, 3.8216, 5, 291.5, 18, 377.44, 9.9, 44.80
0.348665, 0, 4.545, 0, 0.47750000000000004, 7.675, 76.69999999999999, 3.8216, 5, 291.5, 18, 377.44, 9.9, 50.00
0.348665, 0, 4.545, 0, 0.47750000000000004, 7.675, 76.69999999999999, 3.8216, 5, 291.5, 18, 377.44, 9.9, 37.60
0.348665, 0, 4.545, 0, 0.47750000000000004, 7.675, 76.69999999999999, 3.8216, 5, 291.5, 18, 377.44, 9.9, 31.60
0.348665, 0, 4.545, 0, 0.47750000000000004, 7.675, 76.69999999999999, 3.8216, 5, 291.5, 18, 377.44, 9.9, 31.70
0.348665, 0, 4.545, 0, 0.47750000000000004, 7.675, 76.69999999999999, 3.8216, 5, 291.5, 18, 377.44, 9.9, 41.70
0.348665, 0, 4.545, 0, 0.47750000000000004, 7.675, 76.69999999999999, 3.8216, 5, 291.5, 18, 377.44, 9.9, 48.30
0.348665, 0, 4.545, 0, 0.47750000000000004, 7.675, 76.69999999999999, 3.8216, 5, 291.5, 18, 377.44, 9.9, 31.50
0.71085, 0, 15.225000000000001, 0, 0.5720000000000001, 6.6905, 92.15, 2.7147, 5, 410.5, 21.049999999999997, 233.85, 13.969999999999999, 18.60
0.71085, 0, 15.225000000000001, 0, 0.5720000000000001, 6.6905, 92.15, 2.7147, 5, 410.5, 21.049999999999997, 233.85, 13.969999999999999, 18.00
0.71085, 0, 15.225000000000001, 0, 0.5720000000000001, 6.6905, 92.15, 2.7147, 5, 410.5, 21.049999999999997, 233.85, 13.969999999999999, 19.20
0.71085, 0, 15.225000000000001, 0, 0.5720000000000001, 6.6905, 92.15, 2.7147, 5, 410.5, 21.049999999999997, 233.85, 13.969999999999999, 19.60
0.71085, 0, 15.225000000000001, 0, 0.5720000000000001, 6.6905, 92.15, 2.7147, 5, 410.5, 21.049999999999997, 233.85, 13.969999999999999, 23.00
0.71085, 0, 15.225000000000001, 0, 0.5720000000000001, 6.6905, 92.15, 2.7147, 5, 410.5, 21.049999999999997, 233.85, 13.969999999999999, 18.40
0.71085, 0, 15.225000000000001, 0, 0.5720000000000001, 6.6905, 92.15, 2.7147, 5, 410.5, 21.049999999999997, 233.85, 13.969999999999999, 15.60
0.71085, 0, 15.225000000000001, 0, 0.5720000000000001, 6.6905, 92.15, 2.7147, 5, 410.5, 21.049999999999997, 233.85, 13.969999999999999, 18.10
0.71085, 0, 15.225000000000001, 0, 0.5720000000000001, 6.6905, 92.15, 2.7147, 5, 410.5, 21.049999999999997, 233.85, 13.969999999999999, 17.40
0.71085, 0, 15.225000000000001, 0, 0.5720000000000001, 6.6905, 92.15, 2.7147, 5, 410.5, 21.049999999999997, 233.85, 13.969999999999999, 17.10
0.71085, 0, 15.225000000000001, 0, 0.5720000000000001, 6.6905, 92.15, 2.7147, 5, 410.5, 21.049999999999997, 233.85, 13.969999999999999, 22.40
0.71085, 0, 15.225000000000001, 0, 0.5720000000000001, 6.6905, 92.15, 2.7147, 5, 410.5, 21.049999999999997, 233.85, 13.969999999999999, 20.60
0.71085, 0, 15.225000000000001, 0, 0.5720000000000001, 6.6905, 92.15, 2.7147, 5, 410.5, 21.049999999999997, 233.85, 13.969999999999999, 23.90
0.71085, 0, 15.225000000000001, 0, 0.5720000000000001, 6.6905, 92.15, 2.7147, 5, 410.5, 21.049999999999997, 233.85, 13.969999999999999, 22.00
0.71085, 0, 15.225000000000001, 0, 0.5720000000000001, 6.6905, 92.15, 2.7147, 5, 410.5, 21.049999999999997, 233.85, 13.969999999999999, 11.90
0.8488150000000001, 0, 26.695, 0, 0.6025, 6.022, 84.85, 2.2577, 3, 449.5, 20.15, 393.025, 24.389999999999997, 22.00
0.8488150000000001, 0, 26.695, 0, 0.6025, 6.022, 84.85, 2.2577, 3, 449.5, 20.15, 393.025, 24.389999999999997, 20.30
0.8488150000000001, 0, 26.695, 0, 0.6025, 6.022, 84.85, 2.2577, 3, 449.5, 20.15, 393.025, 24.389999999999997, 20.50
0.8488150000000001, 0, 26.695, 0, 0.6025, 6.022, 84.85, 2.2577, 3, 449.5, 20.15, 393.025, 24.389999999999997, 17.30
0.8488150000000001, 0, 26.695, 0, 0.6025, 6.022, 84.85, 2.2577, 3, 449.5, 20.15, 393.025, 24.389999999999997, 18.80
0.8488150000000001, 0, 26.695, 0, 0.6025, 6.022, 84.85, 2.2577, 3, 449.5, 20.15, 393.025, 24.389999999999997, 21.40
0.8488150000000001, 0, 26.695, 0, 0.6025, 6.022, 84.85, 2.2577, 3, 449.5, 20.15, 393.025, 24.389999999999997, 15.70
0.8488150000000001, 0, 26.695, 0, 0.6025, 6.022, 84.85, 2.2577, 3, 449.5, 20.15, 393.025, 24.389999999999997, 16.20
0.8488150000000001, 0, 26.695, 0, 0.6025, 6.022, 84.85, 2.2577, 3, 449.5, 20.15, 393.025, 24.389999999999997, 14.30
0.8488150000000001, 0, 26.695, 0, 0.6025, 6.022, 84.85, 2.2577, 3, 449.5, 20.15, 393.025, 24.389999999999997, 13.30
0.8488150000000001, 0, 26.695, 0, 0.6025, 6.022, 84.85, 2.2577, 3, 449.5, 20.15, 393.025, 24.389999999999997, 17.80
0.8488150000000001, 0, 26.695, 0, 0.6025, 6.022, 84.85, 2.2577, 3, 449.5, 20.15, 393.025, 24.389999999999997, 14.00
0.8488150000000001, 0, 26.695, 0, 0.6025, 6.022, 84.85, 2.2577, 3, 449.5, 20.15, 393.025, 24.389999999999997, 14.40
0.8488150000000001, 0, 26.695, 0, 0.6025, 6.022, 84.85, 2.2577, 3, 449.5, 20.15, 393.025, 24.389999999999997, 13.60
0.8488150000000001, 0, 26.695, 0, 0.6025, 6.022, 84.85, 2.2577, 3, 449.5, 20.15, 393.025, 24.389999999999997, 20.10
3.709225, 0, 19.58, 1, 0.871, 6.888999999999999, 100, 1.7418, 5, 403, 14.7, 396.9, 28.175, 13.40
3.709225, 0, 19.58, 1, 0.871, 6.888999999999999, 100, 1.7418, 5, 403, 14.7, 396.9, 28.175, 15.60
3.709225, 0, 19.58, 1, 0.871, 6.888999999999999, 100, 1.7418, 5, 403, 14.7, 396.9, 28.175, 11.80
3.709225, 0, 19.58, 1, 0.871, 6.888999999999999, 100, 1.7418, 5, 403, 14.7, 396.9, 28.175, 13.80
3.709225, 0, 19.58, 1, 0.871, 6.888999999999999, 100, 1.7418, 5, 403, 14.7, 396.9, 28.175, 14.60
3.709225, 0, 19.58, 1, 0.871, 6.888999999999999, 100, 1.7418, 5, 403, 14.7, 396.9, 28.175, 17.80
3.709225, 0, 19.58, 1, 0.871, 6.888999999999999, 100, 1.7418, 5, 403, 14.7, 396.9, 28.175, 15.40
3.709225, 0, 19.58, 1, 0.871, 6.888999999999999, 100, 1.7418, 5, 403, 14.7, 396.9, 28.175, 21.50
3.709225, 0, 19.58, 1, 0.871, 6.888999999999999, 100, 1.7418, 5, 403, 14.7, 396.9, 28.175, 19.60
3.709225, 0, 19.58, 1, 0.871, 6.888999999999999, 100, 1.7418, 5, 403, 14.7, 396.9, 28.175, 15.30
3.709225, 0, 19.58, 1, 0.871, 6.888999999999999, 100, 1.7418, 5, 403, 14.7, 396.9, 28.175, 17.00
3.709225, 0, 19.58, 1, 0.871, 6.888999999999999, 100, 1.7418, 5, 403, 14.7, 396.9, 28.175, 15.60
3.709225, 0, 19.58, 1, 0.871, 6.888999999999999, 100, 1.7418, 5, 403, 14.7, 396.9, 28.175, 27.00
3.709225, 0, 19.58, 1, 0.871, 6.888999999999999, 100, 1.7418, 5, 403, 14.7, 396.9, 28.175, 50.00
3.709225, 0, 19.58, 1, 0.871, 6.888999999999999, 100, 1.7418, 5, 403, 14.7, 396.9, 28.175, 50.00
2.5395250000000003, 0, 19.58, 0, 0.871, 6.7785, 100, 1.97125, 5, 403, 14.7, 282.19, 16.65, 15.60
2.5395250000000003, 0, 19.58, 0, 0.871, 6.7785, 100, 1.97125, 5, 403, 14.7, 282.19, 16.65, 19.40
2.5395250000000003, 0, 19.58, 0, 0.871, 6.7785, 100, 1.97125, 5, 403, 14.7, 282.19, 16.65, 13.10
2.5395250000000003, 0, 19.58, 0, 0.871, 6.7785, 100, 1.97125, 5, 403, 14.7, 282.19, 16.65, 41.30
2.5395250000000003, 0, 19.58, 0, 0.871, 6.7785, 100, 1.97125, 5, 403, 14.7, 282.19, 16.65, 24.30
2.5395250000000003, 0, 19.58, 0, 0.871, 6.7785, 100, 1.97125, 5, 403, 14.7, 282.19, 16.65, 23.30
2.5395250000000003, 0, 19.58, 0, 0.871, 6.7785, 100, 1.97125, 5, 403, 14.7, 282.19, 16.65, 50.00
2.5395250000000003, 0, 19.58, 0, 0.871, 6.7785, 100, 1.97125, 5, 403, 14.7, 282.19, 16.65, 22.70
2.5395250000000003, 0, 19.58, 0, 0.871, 6.7785, 100, 1.97125, 5, 403, 14.7, 282.19, 16.65, 25.00
2.5395250000000003, 0, 19.58, 0, 0.871, 6.7785, 100, 1.97125, 5, 403, 14.7, 282.19, 16.65, 50.00
2.5395250000000003, 0, 19.58, 0, 0.871, 6.7785, 100, 1.97125, 5, 403, 14.7, 282.19, 16.65, 23.80
2.5395250000000003, 0, 19.58, 0, 0.871, 6.7785, 100, 1.97125, 5, 403, 14.7, 282.19, 16.65, 23.80
2.5395250000000003, 0, 19.58, 0, 0.871, 6.7785, 100, 1.97125, 5, 403, 14.7, 282.19, 16.65, 22.30
2.5395250000000003, 0, 19.58, 0, 0.871, 6.7785, 100, 1.97125, 5, 403, 14.7, 282.19, 16.65, 17.40
2.5395250000000003, 0, 19.58, 0, 0.871, 6.7785, 100, 1.97125, 5, 403, 14.7, 282.19, 16.65, 19.10
0.25421, 26.25, 5.23, 0, 0.51, 7.116, 37.1, 5.22475, 6.5, 347, 17.1, 393.92999999999995, 7.42, 29.40
0.25421, 26.25, 5.23, 0, 0.51, 7.116, 37.1, 5.22475, 6.5, 347, 17.1, 393.92999999999995, 7.42, 32.00
0.25421, 26.25, 5.23, 0, 0.51, 7.116, 37.1, 5.22475, 6.5, 347, 17.1, 393.92999999999995, 7.42, 29.80
0.25421, 26.25, 5.23, 0, 0.51, 7.116, 37.1, 5.22475, 6.5, 347, 17.1, 393.92999999999995, 7.42, 34.90
0.25421, 26.25, 5.23, 0, 0.51, 7.116, 37.1, 5.22475, 6.5, 347, 17.1, 393.92999999999995, 7.42, 37.00
0.25421, 26.25, 5.23, 0, 0.51, 7.116, 37.1, 5.22475, 6.5, 347, 17.1, 393.92999999999995, 7.42, 46.70
0.25421, 26.25, 5.23, 0, 0.51, 7.116, 37.1, 5.22475, 6.5, 347, 17.1, 393.92999999999995, 7.42, 31.50
0.25421, 26.25, 5.23, 0, 0.51, 7.116, 37.1, 5.22475, 6.5, 347, 17.1, 393.92999999999995, 7.42, 23.70
0.25421, 26.25, 5.23, 0, 0.51, 7.116, 37.1, 5.22475, 6.5, 347, 17.1, 393.92999999999995, 7.42, 23.70
0.25421, 26.25, 5.23, 0, 0.51, 7.116, 37.1, 5.22475, 6.5, 347, 17.1, 393.92999999999995, 7.42, 29.10
0.25421, 26.25, 5.23, 0, 0.51, 7.116, 37.1, 5.22475, 6.5, 347, 17.1, 393.92999999999995, 7.42, 35.10
0.25421, 26.25, 5.23, 0, 0.51, 7.116, 37.1, 5.22475, 6.5, 347, 17.1, 393.92999999999995, 7.42, 35.40
0.25421, 26.25, 5.23, 0, 0.51, 7.116, 37.1, 5.22475, 6.5, 347, 17.1, 393.92999999999995, 7.42, 24.80
0.25421, 26.25, 5.23, 0, 0.51, 7.116, 37.1, 5.22475, 6.5, 347, 17.1, 393.92999999999995, 7.42, 26.40
0.25421, 26.25, 5.23, 0, 0.51, 7.116, 37.1, 5.22475, 6.5, 347, 17.1, 393.92999999999995, 7.42, 33.10
0.30010499999999996, 75, 4.945, 0.5, 0.488, 7.548500000000001, 43.2, 6.8081499999999995, 4.5, 343.5, 17.35, 395.135, 7.285, 31.10
0.30010499999999996, 75, 4.945, 0.5, 0.488, 7.548500000000001, 43.2, 6.8081499999999995, 4.5, 343.5, 17.35, 395.135, 7.285, 29.10
0.30010499999999996, 75, 4.945, 0.5, 0.488, 7.548500000000001, 43.2, 6.8081499999999995, 4.5, 343.5, 17.35, 395.135, 7.285, 29.00
0.30010499999999996, 75, 4.945, 0.5, 0.488, 7.548500000000001, 43.2, 6.8081499999999995, 4.5, 343.5, 17.35, 395.135, 7.285, 25.10
0.30010499999999996, 75, 4.945, 0.5, 0.488, 7.548500000000001, 43.2, 6.8081499999999995, 4.5, 343.5, 17.35, 395.135, 7.285, 24.80
0.30010499999999996, 75, 4.945, 0.5, 0.488, 7.548500000000001, 43.2, 6.8081499999999995, 4.5, 343.5, 17.35, 395.135, 7.285, 50.00
0.30010499999999996, 75, 4.945, 0.5, 0.488, 7.548500000000001, 43.2, 6.8081499999999995, 4.5, 343.5, 17.35, 395.135, 7.285, 43.50
0.30010499999999996, 75, 4.945, 0.5, 0.488, 7.548500000000001, 43.2, 6.8081499999999995, 4.5, 343.5, 17.35, 395.135, 7.285, 35.20
0.30010499999999996, 75, 4.945, 0.5, 0.488, 7.548500000000001, 43.2, 6.8081499999999995, 4.5, 343.5, 17.35, 395.135, 7.285, 32.40
0.30010499999999996, 75, 4.945, 0.5, 0.488, 7.548500000000001, 43.2, 6.8081499999999995, 4.5, 343.5, 17.35, 395.135, 7.285, 33.20
0.30010499999999996, 75, 4.945, 0.5, 0.488, 7.548500000000001, 43.2, 6.8081499999999995, 4.5, 343.5, 17.35, 395.135, 7.285, 33.10
0.30010499999999996, 75, 4.945, 0.5, 0.488, 7.548500000000001, 43.2, 6.8081499999999995, 4.5, 343.5, 17.35, 395.135, 7.285, 46.00
0.30010499999999996, 75, 4.945, 0.5, 0.488, 7.548500000000001, 43.2, 6.8081499999999995, 4.5, 343.5, 17.35, 395.135, 7.285, 50.00
0.30010499999999996, 75, 4.945, 0.5, 0.488, 7.548500000000001, 43.2, 6.8081499999999995, 4.5, 343.5, 17.35, 395.135, 7.285, 19.40
0.30010499999999996, 75, 4.945, 0.5, 0.488, 7.548500000000001, 43.2, 6.8081499999999995, 4.5, 343.5, 17.35, 395.135, 7.285, 16.50
1.385675, 10, 12.24, 1, 0.5369999999999999, 6.5075, 79.55, 4.2392, 6, 334, 18.9, 389.11, 19.32, 24.40
1.385675, 10, 12.24, 1, 0.5369999999999999, 6.5075, 79.55, 4.2392, 6, 334, 18.9, 389.11, 19.32, 20.00
1.385675, 10, 12.24, 1, 0.5369999999999999, 6.5075, 79.55, 4.2392, 6, 334, 18.9, 389.11, 19.32, 21.70
1.385675, 10, 12.24, 1, 0.5369999999999999, 6.5075, 79.55, 4.2392, 6, 334, 18.9, 389.11, 19.32, 19.30
1.385675, 10, 12.24, 1, 0.5369999999999999, 6.5075, 79.55, 4.2392, 6, 334, 18.9, 389.11, 19.32, 22.40
1.385675, 10, 12.24, 1, 0.5369999999999999, 6.5075, 79.55, 4.2392, 6, 334, 18.9, 389.11, 19.32, 23.30
1.385675, 10, 12.24, 1, 0.5369999999999999, 6.5075, 79.55, 4.2392, 6, 334, 18.9, 389.11, 19.32, 28.70
1.385675, 10, 12.24, 1, 0.5369999999999999, 6.5075, 79.55, 4.2392, 6, 334, 18.9, 389.11, 19.32, 21.50
1.385675, 10, 12.24, 1, 0.5369999999999999, 6.5075, 79.55, 4.2392, 6, 334, 18.9, 389.11, 19.32, 23.00
1.385675, 10, 12.24, 1, 0.5369999999999999, 6.5075, 79.55, 4.2392, 6, 334, 18.9, 389.11, 19.32, 26.70
1.385675, 10, 12.24, 1, 0.5369999999999999, 6.5075, 79.55, 4.2392, 6, 334, 18.9, 389.11, 19.32, 21.70
1.385675, 10, 12.24, 1, 0.5369999999999999, 6.5075, 79.55, 4.2392, 6, 334, 18.9, 389.11, 19.32, 27.50
1.385675, 10, 12.24, 1, 0.5369999999999999, 6.5075, 79.55, 4.2392, 6, 334, 18.9, 389.11, 19.32, 20.70
1.385675, 10, 12.24, 1, 0.5369999999999999, 6.5075, 79.55, 4.2392, 6, 334, 18.9, 389.11, 19.32, 16.10
1.385675, 10, 12.24, 1, 0.5369999999999999, 6.5075, 79.55, 4.2392, 6, 334, 18.9, 389.11, 19.32, 23.10
2.355915, 10, 19.165, 0, 0.5680000000000001, 7.058, 54.9, 3.5875, 14, 494, 19.4, 372.01, 29.615000000000002, 23.70
2.355915, 10, 19.165, 0, 0.5680000000000001, 7.058, 54.9, 3.5875, 14, 494, 19.4, 372.01, 29.615000000000002, 50.00
2.355915, 10, 19.165, 0, 0.5680000000000001, 7.058, 54.9, 3.5875, 14, 494, 19.4, 372.01, 29.615000000000002, 36.00
2.355915, 10, 19.165, 0, 0.5680000000000001, 7.058, 54.9, 3.5875, 14, 494, 19.4, 372.01, 29.615000000000002, 30.10
2.355915, 10, 19.165, 0, 0.5680000000000001, 7.058, 54.9, 3.5875, 14, 494, 19.4, 372.01, 29.615000000000002, 33.80
2.355915, 10, 19.165, 0, 0.5680000000000001, 7.058, 54.9, 3.5875, 14, 494, 19.4, 372.01, 29.615000000000002, 43.10
2.355915, 10, 19.165, 0, 0.5680000000000001, 7.058, 54.9, 3.5875, 14, 494, 19.4, 372.01, 29.615000000000002, 48.80
2.355915, 10, 19.165, 0, 0.5680000000000001, 7.058, 54.9, 3.5875, 14, 494, 19.4, 372.01, 29.615000000000002, 31.00
2.355915, 10, 19.165, 0, 0.5680000000000001, 7.058, 54.9, 3.5875, 14, 494, 19.4, 372.01, 29.615000000000002, 36.50
2.355915, 10, 19.165, 0, 0.5680000000000001, 7.058, 54.9, 3.5875, 14, 494, 19.4, 372.01, 29.615000000000002, 22.80
2.355915, 10, 19.165, 0, 0.5680000000000001, 7.058, 54.9, 3.5875, 14, 494, 19.4, 372.01, 29.615000000000002, 30.70
2.355915, 10, 19.165, 0, 0.5680000000000001, 7.058, 54.9, 3.5875, 14, 494, 19.4, 372.01, 29.615000000000002, 19.10
2.355915, 10, 19.165, 0, 0.5680000000000001, 7.058, 54.9, 3.5875, 14, 494, 19.4, 372.01, 29.615000000000002, 15.20
2.355915, 10, 19.165, 0, 0.5680000000000001, 7.058, 54.9, 3.5875, 14, 494, 19.4, 372.01, 29.615000000000002, 7.00
2.355915, 10, 19.165, 0, 0.5680000000000001, 7.058, 54.9, 3.5875, 14, 494, 19.4, 372.01, 29.615000000000002, 8.10
9.47475, 0, 18.1, 1, 0.77, 7.4959999999999996, 98.7, 2.42245, 24, 666, 20.2, 387.315, 18.560000000000002, 17.80
9.47475, 0, 18.1, 1, 0.77, 7.4959999999999996, 98.7, 2.42245, 24, 666, 20.2, 387.315, 18.560000000000002, 21.70
9.47475, 0, 18.1, 1, 0.77, 7.4959999999999996, 98.7, 2.42245, 24, 666, 20.2, 387.315, 18.560000000000002, 22.70
9.47475, 0, 18.1, 1, 0.77, 7.4959999999999996, 98.7, 2.42245, 24, 666, 20.2, 387.315, 18.560000000000002, 16.80
9.47475, 0, 18.1, 1, 0.77, 7.4959999999999996, 98.7, 2.42245, 24, 666, 20.2, 387.315, 18.560000000000002, 21.90
9.47475, 0, 18.1, 1, 0.77, 7.4959999999999996, 98.7, 2.42245, 24, 666, 20.2, 387.315, 18.560000000000002, 50.00
9.47475, 0, 18.1, 1, 0.77, 7.4959999999999996, 98.7, 2.42245, 24, 666, 20.2, 387.315, 18.560000000000002, 50.00
9.47475, 0, 18.1, 1, 0.77, 7.4959999999999996, 98.7, 2.42245, 24, 666, 20.2, 387.315, 18.560000000000002, 50.00
9.47475, 0, 18.1, 1, 0.77, 7.4959999999999996, 98.7, 2.42245, 24, 666, 20.2, 387.315, 18.560000000000002, 13.10
9.47475, 0, 18.1, 1, 0.77, 7.4959999999999996, 98.7, 2.42245, 24, 666, 20.2, 387.315, 18.560000000000002, 17.10
9.47475, 0, 18.1, 1, 0.77, 7.4959999999999996, 98.7, 2.42245, 24, 666, 20.2, 387.315, 18.560000000000002, 18.40
9.47475, 0, 18.1, 1, 0.77, 7.4959999999999996, 98.7, 2.42245, 24, 666, 20.2, 387.315, 18.560000000000002, 15.40
9.47475, 0, 18.1, 1, 0.77, 7.4959999999999996, 98.7, 2.42245, 24, 666, 20.2, 387.315, 18.560000000000002, 12.60
9.47475, 0, 18.1, 1, 0.77, 7.4959999999999996, 98.7, 2.42245, 24, 666, 20.2, 387.315, 18.560000000000002, 14.10
9.47475, 0, 18.1, 1, 0.77, 7.4959999999999996, 98.7, 2.42245, 24, 666, 20.2, 387.315, 18.560000000000002, 17.80
6.453035, 0, 18.1, 0, 0.77, 6.3835, 89.75, 2.6553500000000003, 24, 666, 20.2, 393.82, 16.02, 22.60
6.453035, 0, 18.1, 0, 0.77, 6.3835, 89.75, 2.6553500000000003, 24, 666, 20.2, 393.82, 16.02, 25.00
6.453035, 0, 18.1, 0, 0.77, 6.3835, 89.75, 2.6553500000000003, 24, 666, 20.2, 393.82, 16.02, 19.90
6.453035, 0, 18.1, 0, 0.77, 6.3835, 89.75, 2.6553500000000003, 24, 666, 20.2, 393.82, 16.02, 20.80
6.453035, 0, 18.1, 0, 0.77, 6.3835, 89.75, 2.6553500000000003, 24, 666, 20.2, 393.82, 16.02, 15.10
6.453035, 0, 18.1, 0, 0.77, 6.3835, 89.75, 2.6553500000000003, 24, 666, 20.2, 393.82, 16.02, 23.20
6.453035, 0, 18.1, 0, 0.77, 6.3835, 89.75, 2.6553500000000003, 24, 666, 20.2, 393.82, 16.02, 13.80
6.453035, 0, 18.1, 0, 0.77, 6.3835, 89.75, 2.6553500000000003, 24, 666, 20.2, 393.82, 16.02, 12.50
6.453035, 0, 18.1, 0, 0.77, 6.3835, 89.75, 2.6553500000000003, 24, 666, 20.2, 393.82, 16.02, 14.90
6.453035, 0, 18.1, 0, 0.77, 6.3835, 89.75, 2.6553500000000003, 24, 666, 20.2, 393.82, 16.02, 15.20
6.453035, 0, 18.1, 0, 0.77, 6.3835, 89.75, 2.6553500000000003, 24, 666, 20.2, 393.82, 16.02, 16.10
6.453035, 0, 18.1, 0, 0.77, 6.3835, 89.75, 2.6553500000000003, 24, 666, 20.2, 393.82, 16.02, 20.00
6.453035, 0, 18.1, 0, 0.77, 6.3835, 89.75, 2.6553500000000003, 24, 666, 20.2, 393.82, 16.02, 17.70
6.453035, 0, 18.1, 0, 0.77, 6.3835, 89.75, 2.6553500000000003, 24, 666, 20.2, 393.82, 16.02, 19.50
6.453035, 0, 18.1, 0, 0.77, 6.3835, 89.75, 2.6553500000000003, 24, 666, 20.2, 393.82, 16.02, 20.20
14.800984999999999, 0, 18.1, 0, 0.729, 4.7835, 93.95, 1.7439, 24, 666, 20.2, 375.79999999999995, 18.87, 27.50
14.800984999999999, 0, 18.1, 0, 0.729, 4.7835, 93.95, 1.7439, 24, 666, 20.2, 375.79999999999995, 18.87, 21.90
14.800984999999999, 0, 18.1, 0, 0.729, 4.7835, 93.95, 1.7439, 24, 666, 20.2, 375.79999999999995, 18.87, 11.30
14.800984999999999, 0, 18.1, 0, 0.729, 4.7835, 93.95, 1.7439, 24, 666, 20.2, 375.79999999999995, 18.87, 12.30
14.800984999999999, 0, 18.1, 0, 0.729, 4.7835, 93.95, 1.7439, 24, 666, 20.2, 375.79999999999995, 18.87, 10.50
14.800984999999999, 0, 18.1, 0, 0.729, 4.7835, 93.95, 1.7439, 24, 666, 20.2, 375.79999999999995, 18.87, 10.20
14.800984999999999, 0, 18.1, 0, 0.729, 4.7835, 93.95, 1.7439, 24, 666, 20.2, 375.79999999999995, 18.87, 11.50
14.800984999999999, 0, 18.1, 0, 0.729, 4.7835, 93.95, 1.7439, 24, 666, 20.2, 375.79999999999995, 18.87, 9.70
14.800984999999999, 0, 18.1, 0, 0.729, 4.7835, 93.95, 1.7439, 24, 666, 20.2, 375.79999999999995, 18.87, 12.70
14.800984999999999, 0, 18.1, 0, 0.729, 4.7835, 93.95, 1.7439, 24, 666, 20.2, 375.79999999999995, 18.87, 8.50
14.800984999999999, 0, 18.1, 0, 0.729, 4.7835, 93.95, 1.7439, 24, 666, 20.2, 375.79999999999995, 18.87, 5.60
14.800984999999999, 0, 18.1, 0, 0.729, 4.7835, 93.95, 1.7439, 24, 666, 20.2, 375.79999999999995, 18.87, 8.30
14.800984999999999, 0, 18.1, 0, 0.729, 4.7835, 93.95, 1.7439, 24, 666, 20.2, 375.79999999999995, 18.87, 14.20
14.800984999999999, 0, 18.1, 0, 0.729, 4.7835, 93.95, 1.7439, 24, 666, 20.2, 375.79999999999995, 18.87, 12.80
14.800984999999999, 0, 18.1, 0, 0.729, 4.7835, 93.95, 1.7439, 24, 666, 20.2, 375.79999999999995, 18.87, 10.50
17.1192, 0, 18.1, 0, 0.6855, 5.3575, 100, 1.9131999999999998, 24, 666, 20.2, 264.15999999999997, 19.12, 23.10
17.1192, 0, 18.1, 0, 0.6855, 5.3575, 100, 1.9131999999999998, 24, 666, 20.2, 264.15999999999997, 19.12, 10.20
17.1192, 0, 18.1, 0, 0.6855, 5.3575, 100, 1.9131999999999998, 24, 666, 20.2, 264.15999999999997, 19.12, 10.90
17.1192, 0, 18.1, 0, 0.6855, 5.3575, 100, 1.9131999999999998, 24, 666, 20.2, 264.15999999999997, 19.12, 7.20
17.1192, 0, 18.1, 0, 0.6855, 5.3575, 100, 1.9131999999999998, 24, 666, 20.2, 264.15999999999997, 19.12, 12.10
17.1192, 0, 18.1, 0, 0.6855, 5.3575, 100, 1.9131999999999998, 24, 666, 20.2, 264.15999999999997, 19.12, 11.90
17.1192, 0, 18.1, 0, 0.6855, 5.3575, 100, 1.9131999999999998, 24, 666, 20.2, 264.15999999999997, 19.12, 27.90
17.1192, 0, 18.1, 0, 0.6855, 5.3575, 100, 1.9131999999999998, 24, 666, 20.2, 264.15999999999997, 19.12, 27.50
17.1192, 0, 18.1, 0, 0.6855, 5.3575, 100, 1.9131999999999998, 24, 666, 20.2, 264.15999999999997, 19.12, 16.70
17.1192, 0, 18.1, 0, 0.6855, 5.3575, 100, 1.9131999999999998, 24, 666, 20.2, 264.15999999999997, 19.12, 14.30
17.1192, 0, 18.1, 0, 0.6855, 5.3575, 100, 1.9131999999999998, 24, 666, 20.2, 264.15999999999997, 19.12, 11.70
17.1192, 0, 18.1, 0, 0.6855, 5.3575, 100, 1.9131999999999998, 24, 666, 20.2, 264.15999999999997, 19.12, 13.40
17.1192, 0, 18.1, 0, 0.6855, 5.3575, 100, 1.9131999999999998, 24, 666, 20.2, 264.15999999999997, 19.12, 10.80
17.1192, 0, 18.1, 0, 0.6855, 5.3575, 100, 1.9131999999999998, 24, 666, 20.2, 264.15999999999997, 19.12, 13.00
17.1192, 0, 18.1, 0, 0.6855, 5.3575, 100, 1.9131999999999998, 24, 666, 20.2, 264.15999999999997, 19.12, 12.00
21.62501, 0, 18.1, 0, 0.6655, 6.1415, 100, 1.88115, 24, 666, 20.2, 386.21, 19.015, 50.00
21.62501, 0, 18.1, 0, 0.6655, 6.1415, 100, 1.88115, 24, 666, 20.2, 386.21, 19.015, 50.00
21.62501, 0, 18.1, 0, 0.6655, 6.1415, 100, 1.88115, 24, 666, 20.2, 386.21, 19.015, 13.80
21.62501, 0, 18.1, 0, 0.6655, 6.1415, 100, 1.88115, 24, 666, 20.2, 386.21, 19.015, 15.00
21.62501, 0, 18.1, 0, 0.6655, 6.1415, 100, 1.88115, 24, 666, 20.2, 386.21, 19.015, 13.90
21.62501, 0, 18.1, 0, 0.6655, 6.1415, 100, 1.88115, 24, 666, 20.2, 386.21, 19.015, 13.30
21.62501, 0, 18.1, 0, 0.6655, 6.1415, 100, 1.88115, 24, 666, 20.2, 386.21, 19.015, 13.10
21.62501, 0, 18.1, 0, 0.6655, 6.1415, 100, 1.88115, 24, 666, 20.2, 386.21, 19.015, 7.20
21.62501, 0, 18.1, 0, 0.6655, 6.1415, 100, 1.88115, 24, 666, 20.2, 386.21, 19.015, 7.40
21.62501, 0, 18.1, 0, 0.6655, 6.1415, 100, 1.88115, 24, 666, 20.2, 386.21, 19.015, 5.00
21.62501, 0, 18.1, 0, 0.6655, 6.1415, 100, 1.88115, 24, 666, 20.2, 386.21, 19.015, 17.20
21.62501, 0, 18.1, 0, 0.6655, 6.1415, 100, 1.88115, 24, 666, 20.2, 386.21, 19.015, 13.80
21.62501, 0, 18.1, 0, 0.6655, 6.1415, 100, 1.88115, 24, 666, 20.2, 386.21, 19.015, 16.70
21.62501, 0, 18.1, 0, 0.6655, 6.1415, 100, 1.88115, 24, 666, 20.2, 386.21, 19.015, 14.60
21.62501, 0, 18.1, 0, 0.6655, 6.1415, 100, 1.88115, 24, 666, 20.2, 386.21, 19.015, 21.40
53.7372, 0, 18.1, 0, 0.6839999999999999, 5.553, 100, 2.0852, 24, 666, 20.2, 396.9, 37.97, 13.80
53.7372, 0, 18.1, 0, 0.6839999999999999, 5.553, 100, 2.0852, 24, 666, 20.2, 396.9, 37.97, 10.40
53.7372, 0, 18.1, 0, 0.6839999999999999, 5.553, 100, 2.0852, 24, 666, 20.2, 396.9, 37.97, 8.80
53.7372, 0, 18.1, 0, 0.6839999999999999, 5.553, 100, 2.0852, 24, 666, 20.2, 396.9, 37.97, 6.30
53.7372, 0, 18.1, 0, 0.6839999999999999, 5.553, 100, 2.0852, 24, 666, 20.2, 396.9, 37.97, 8.50
53.7372, 0, 18.1, 0, 0.6839999999999999, 5.553, 100, 2.0852, 24, 666, 20.2, 396.9, 37.97, 5.00
53.7372, 0, 18.1, 0, 0.6839999999999999, 5.553, 100, 2.0852, 24, 666, 20.2, 396.9, 37.97, 17.90
53.7372, 0, 18.1, 0, 0.6839999999999999, 5.553, 100, 2.0852, 24, 666, 20.2, 396.9, 37.97, 16.30
53.7372, 0, 18.1, 0, 0.6839999999999999, 5.553, 100, 2.0852, 24, 666, 20.2, 396.9, 37.97, 7.00
53.7372, 0, 18.1, 0, 0.6839999999999999, 5.553, 100, 2.0852, 24, 666, 20.2, 396.9, 37.97, 7.20
53.7372, 0, 18.1, 0, 0.6839999999999999, 5.553, 100, 2.0852, 24, 666, 20.2, 396.9, 37.97, 10.40
53.7372, 0, 18.1, 0, 0.6839999999999999, 5.553, 100, 2.0852, 24, 666, 20.2, 396.9, 37.97, 21.40
53.7372, 0, 18.1, 0, 0.6839999999999999, 5.553, 100, 2.0852, 24, 666, 20.2, 396.9, 37.97, 19.10
53.7372, 0, 18.1, 0, 0.6839999999999999, 5.553, 100, 2.0852, 24, 666, 20.2, 396.9, 37.97, 19.90
53.7372, 0, 18.1, 0, 0.6839999999999999, 5.553, 100, 2.0852, 24, 666, 20.2, 396.9, 37.97, 13.30
62.33495, 0, 18.1, 0, 0.6685, 6.295, 100, 1.9545500000000002, 24, 666, 20.2, 43.025, 18.28, 15.00
62.33495, 0, 18.1, 0, 0.6685, 6.295, 100, 1.9545500000000002, 24, 666, 20.2, 43.025, 18.28, 17.20
62.33495, 0, 18.1, 0, 0.6685, 6.295, 100, 1.9545500000000002, 24, 666, 20.2, 43.025, 18.28, 7.50
62.33495, 0, 18.1, 0, 0.6685, 6.295, 100, 1.9545500000000002, 24, 666, 20.2, 43.025, 18.28, 8.80
62.33495, 0, 18.1, 0, 0.6685, 6.295, 100, 1.9545500000000002, 24, 666, 20.2, 43.025, 18.28, 13.40
62.33495, 0, 18.1, 0, 0.6685, 6.295, 100, 1.9545500000000002, 24, 666, 20.2, 43.025, 18.28, 8.30
62.33495, 0, 18.1, 0, 0.6685, 6.295, 100, 1.9545500000000002, 24, 666, 20.2, 43.025, 18.28, 10.90
62.33495, 0, 18.1, 0, 0.6685, 6.295, 100, 1.9545500000000002, 24, 666, 20.2, 43.025, 18.28, 9.50
62.33495, 0, 18.1, 0, 0.6685, 6.295, 100, 1.9545500000000002, 24, 666, 20.2, 43.025, 18.28, 14.50
62.33495, 0, 18.1, 0, 0.6685, 6.295, 100, 1.9545500000000002, 24, 666, 20.2, 43.025, 18.28, 14.10
62.33495, 0, 18.1, 0, 0.6685, 6.295, 100, 1.9545500000000002, 24, 666, 20.2, 43.025, 18.28, 9.60
62.33495, 0, 18.1, 0, 0.6685, 6.295, 100, 1.9545500000000002, 24, 666, 20.2, 43.025, 18.28, 8.70
62.33495, 0, 18.1, 0, 0.6685, 6.295, 100, 1.9545500000000002, 24, 666, 20.2, 43.025, 18.28, 11.80
62.33495, 0, 18.1, 0, 0.6685, 6.295, 100, 1.9545500000000002, 24, 666, 20.2, 43.025, 18.28, 13.40
62.33495, 0, 18.1, 0, 0.6685, 6.295, 100, 1.9545500000000002, 24, 666, 20.2, 43.025, 18.28, 14.90
12.7452, 0, 18.1, 0, 0.729, 6.902, 83.25, 2.34525, 24, 666, 20.2, 220.91, 28.380000000000003, 8.40
12.7452, 0, 18.1, 0, 0.729, 6.902, 83.25, 2.34525, 24, 666, 20.2, 220.91, 28.380000000000003, 20.80
12.7452, 0, 18.1, 0, 0.729, 6.902, 83.25, 2.34525, 24, 666, 20.2, 220.91, 28.380000000000003, 11.70
12.7452, 0, 18.1, 0, 0.729, 6.902, 83.25, 2.34525, 24, 666, 20.2, 220.91, 28.380000000000003, 10.20
12.7452, 0, 18.1, 0, 0.729, 6.902, 83.25, 2.34525, 24, 666, 20.2, 220.91, 28.380000000000003, 11.00
12.7452, 0, 18.1, 0, 0.729, 6.902, 83.25, 2.34525, 24, 666, 20.2, 220.91, 28.380000000000003, 16.10
12.7452, 0, 18.1, 0, 0.729, 6.902, 83.25, 2.34525, 24, 666, 20.2, 220.91, 28.380000000000003, 8.40
12.7452, 0, 18.1, 0, 0.729, 6.902, 83.25, 2.34525, 24, 666, 20.2, 220.91, 28.380000000000003, 14.10
12.7452, 0, 18.1, 0, 0.729, 6.902, 83.25, 2.34525, 24, 666, 20.2, 220.91, 28.380000000000003, 12.70
12.7452, 0, 18.1, 0, 0.729, 6.902, 83.25, 2.34525, 24, 666, 20.2, 220.91, 28.380000000000003, 13.50
12.7452, 0, 18.1, 0, 0.729, 6.902, 83.25, 2.34525, 24, 666, 20.2, 220.91, 28.380000000000003, 14.90
12.7452, 0, 18.1, 0, 0.729, 6.902, 83.25, 2.34525, 24, 666, 20.2, 220.91, 28.380000000000003, 16.40
12.7452, 0, 18.1, 0, 0.729, 6.902, 83.25, 2.34525, 24, 666, 20.2, 220.91, 28.380000000000003, 19.00
12.7452, 0, 18.1, 0, 0.729, 6.902, 83.25, 2.34525, 24, 666, 20.2, 220.91, 28.380000000000003, 23.20
12.7452, 0, 18.1, 0, 0.729, 6.902, 83.25, 2.34525, 24, 666, 20.2, 220.91, 28.380000000000003, 29.80
8.11935, 0, 18.1, 0, 0.655, 6.41, 69.45, 3.5824, 24, 666, 20.2, 365.65, 14.555, 19.90
8.11935, 0, 18.1, 0, 0.655, 6.41, 69.45, 3.5824, 24, 666, 20.2, 365.65, 14.555, 20.10
8.11935, 0, 18.1, 0, 0.655, 6.41, 69.45, 3.5824, 24, 666, 20.2, 365.65, 14.555, 19.60
8.11935, 0, 18.1, 0, 0.655, 6.41, 69.45, 3.5824, 24, 666, 20.2, 365.65, 14.555, 23.00
8.11935, 0, 18.1, 0, 0.655, 6.41, 69.45, 3.5824, 24, 666, 20.2, 365.65, 14.555, 23.70
8.11935, 0, 18.1, 0, 0.655, 6.41, 69.45, 3.5824, 24, 666, 20.2, 365.65, 14.555, 25.00
8.11935, 0, 18.1, 0, 0.655, 6.41, 69.45, 3.5824, 24, 666, 20.2, 365.65, 14.555, 21.80
8.11935, 0, 18.1, 0, 0.655, 6.41, 69.45, 3.5824, 24, 666, 20.2, 365.65, 14.555, 20.60
8.11935, 0, 18.1, 0, 0.655, 6.41, 69.45, 3.5824, 24, 666, 20.2, 365.65, 14.555, 21.20
8.11935, 0, 18.1, 0, 0.655, 6.41, 69.45, 3.5824, 24, 666, 20.2, 365.65, 14.555, 19.10
8.11935, 0, 18.1, 0, 0.655, 6.41, 69.45, 3.5824, 24, 666, 20.2, 365.65, 14.555, 20.60
